SID,MAX_WIND_SPEED,MAX_WIND_PRESSURE
1945110N09160,50,0
1945134N19136,55,0
1945153N11133,70,0
1945170N13134,45,0
1945185N14113,50,0
1945196N09133,65,0
1945204N09137,40,0
1945204N17118,35,0
1945211N23129,80,0
1945218N16124,80,0
1945222N22149,50,0
1945228N17161,60,0
1945229N15137,80,0
1945234N22131,70,0
1945236N19116,70,0
1945242N15136,105,0
1945250N12128,90,0
1945253N08157,70,0
1945264N12124,40,0
1945264N17114,50,0
1945268N12143,90,0
1945271N06160,60,0
1945275N09161,65,0
1945305N13133,45,0
1945319N10119,40,0
1945326N10139,80,0
1946086N12153,100,0
1946131N11143,80,0
1946168N07133,110,0
1946174N19120,50,0
1946178N09144,80,0
1946193N13143,120,0
1946204N17147,100,0
1946222N15152,125,0
1946234N18130,60,0
1946250N12150,100,0
1946251N11165,100,0
1946261N11161,120,0
1946292N11131,120,0
1946309N12126,120,0
1946317N14142,95,0
1947078N06131,35,0
1947133N16138,80,0
1947168N11132,100,0
1947188N15137,35,0
1947198N17115,35,0
1947207N18133,50,0
1947217N20136,100,0
1947224N18115,70,0
1947236N09138,100,0
1947248N13135,35,0
1947254N17143,90,0
1947257N25154,90,0
1947265N14127,75,0
1947272N21133,90,0
1947275N14142,100,0
1947275N14155,110,0
1947279N23145,130,0
1947286N11152,120,0
1947290N15141,45,0
1947302N11134,100,0
1947306N08140,100,0
1947314N14130,50,0
1947316N09141,110,0
1947321N07145,75,0
1947326N24136,100,0
1947334N10129,45,0
1947356N08141,95,0
1948011N07147,130,0
1948138N10138,80,0
1948150N12130,80,0
1948160N23121,40,0
1948161N15138,60,0
1948183N11145,90,0
1948206N11129,70,0
1948217N30139,70,0
1948221N19142,50,0
1948223N18155,45,0
1948233N18118,50,0
1948240N14139,85,0
1948246N15134,80,0
1948255N14155,120,0
1948255N17137,80,0
1948268N15126,60,0
1948273N24144,125,0
1948278N25157,100,0
1948285N23144,50,0
1948290N15120,55,0
1948301N16148,60,0
1948307N13147,100,0
1948318N11152,95,0
1948334N09128,45,0
1948337N09149,80,0
1948347N08136,40,0
1949013N06140,85,0
1949163N07145,100,0
1949181N06140,50,0
1949192N19142,90,0
1949199N11139,110,0
1949200N12156,110,0
1949206N18114,50,0
1949219N07134,85,0
1949239N21155,110,0
1949243N17145,120,0
1949245N18126,35,0
1949245N20152,75,0
1949252N17143,95,0
1949261N11116,40,0
1949264N16154,40,0
1949272N07138,75,0
1949293N12142,120,0
1949303N07132,40,0
1949313N06137,60,0
1949317N09158,125,0
1949335N06138,60,0
1949341N10142,85,0
1950126N09151,130,0
1950156N20116,35,0
1950174N19127,75,0
1950195N17139,70,0
1950196N21144,60,0
1950206N22143,50,0
1950221N19124,75,0
1950241N23140,100,0
1950247N15145,100,0
1950255N14153,55,0
1950256N14137,55,0
1950269N05153,100,0
1950291N20146,90,0
1950301N09138,100,0
1950305N12145,125,0
1950308N13151,80,0
1950322N06138,60,0
1950360N10141,80,0
1951077N06158,120,0
1951105N08152,70,0
1951119N06145,150,0
1951124N04167,75,0
1951177N12136,100,0
1951206N11145,120,0
1951223N11148,100,0
1951239N11144,100,0
1951255N08148,85,0
1951263N08137,90,0
1951281N11147,120,0
1951295N21152,100,0
1951300N13155,125,0
1951301N16128,60,0
1951321N09143,90,0
1951337N09150,120,0
1951344N09143,100,0
1952162N15118,85,0
1952171N12130,75,0
1952180N05144,110,0
1952191N23124,45,0
1952197N27130,50,0
1952206N09134,100,0
1952215N13131,45,0
1952224N14135,85,0
1952236N10135,75,0
1952241N08137,65,0
1952245N09139,80,0
1952251N11139,40,0
1952258N18178,160,0
1952260N17119,35,0
1952269N11157,70,0
1952278N22140,80,0
1952287N09148,120,0
1952288N10118,40,0
1952289N15128,65,0
1952296N06152,160,0
1952303N09149,150,0
1952312N08150,100,0
1952321N10146,110,0
1952326N07144,150,0
1952339N17176,45,0
1952348N08129,45,0
1952352N07147,130,0
1952363N06171,160,0
1953049N07167,100,0
1953148N08150,120,0
1953172N08142,40,0
1953176N05150,150,0
1953205N17158,80,0
1953211N19130,100,0
1953219N08155,160,0
1953221N18118,45,0
1953222N17127,100,0
1953227N09147,75,0
1953235N10162,125,0
1953235N14148,55,0
1953256N17128,110,0
1953260N07153,150,0
1953267N16110,40,0
1953274N16113,100,0
1953279N14160,65,0
1953285N09161,100,0
1953299N09138,130,0
1953313N06155,120,0
1953326N04147,40,0
1953332N06149,40,0
1953343N06170,150,0
1954060N06136,50,0
1954125N07131,100,0
1954185N07145,75,0
1954223N22138,100,0
1954223N22150,70,0
1954231N10159,150,0
1954231N13145,40,0
1954240N13151,90,0
1954247N19152,130,0
1954253N18157,100,0
1954261N11150,75,0
1954273N16146,85,0
1954285N14160,100,0
1954297N17138,40,0
1954300N10141,150,0
1954307N04148,150,0
1954314N11152,150,0
1954326N12157,125,0
1955001N08140,70,0
1955080N07168,85,0
1955107N07139,100,0
1955153N18115,100,0
1955186N10147,125,0
1955194N18138,70,0
1955196N23153,70,0
1955198N23137,50,0
1955199N20131,120,0
1955204N11153,120,0
1955215N12139,75,0
1955232N09137,80,0
1955241N17144,80,0
1955259N10153,130,0
1955263N13150,150,0
1955271N12145,100,0
1955276N11116,35,0
1955277N16134,90,0
1955289N19128,85,0
1955295N10143,40,0
1955329N10129,130,0
1955346N06142,180,0
1956081N02154,125,0
1956100N12123,40,0
1956107N06147,150,0
1956168N20159,40,0
1956187N12126,80,0
1956207N13145,160,0
1956215N23146,65,0
1956220N08137,40,0
1956223N16126,100,0
1956238N14143,110,0
1956242N16132,95,0
1956245N24140,135,0
1956257N18131,85,0
1956261N12129,140,0
1956263N15142,110,0
1956267N26141,65,0
1956288N11132,130,0
1956291N13154,40,0
1956314N08153,95,0
1956328N14129,75,0
1956329N09136,75,0
1956342N14128,85,0
1957003N07140,40,0
1957021N03152,135,0
1957101N05136,100,0
1957122N03154,120,0
1957168N05156,150,0
1957192N07141,90,0
1957223N08145,135,0
1957226N17119,55,0
1957238N14153,100,0
1957244N15210,120,0
1957249N18125,110,0
1957258N17147,120,0
1957261N10147,140,0
1957261N12135,90,0
1957276N09151,130,0
1957281N15118,75,0
1957284N13133,45,0
1957291N14155,130,0
1957309N11161,140,0
1957311N06171,160,0
1957321N06172,110,0
1958007N03171,140,0
1958143N06158,160,0
1958158N08151,75,0
1958164N12146,100,0
1958179N04158,75,0
1958189N11149,100,0
1958192N16135,150,0
1958194N05146,130,0
1958194N20115,60,0
1958203N09160,130,0
1958217N23152,75,0
1958232N12139,90,0
1958240N08146,165,0
1958251N10142,150,0
1958263N13148,175,0
1958263N20176,65,0
1958293N12128,100,0
1958295N10149,110,0
1958297N12161,120,0
1958325N11133,140,0
1958332N11139,45,0
1958335N05170,125,0
1959058N09141,50,0
1959063N06165,55,0
1959104N05149,125,0
1959190N08145,90,0
1959211N21148,100,0
1959222N15153,110,0
1959231N16130,90,0
1959236N10132,40,0
1959236N12139,170,0
1959241N12148,120,0
1959248N09160,35,0
1959248N13132,50,0
1959249N19181,150,0
1959254N14148,165,0
1959263N11160,165,0
1959274N09137,65,0
1959278N15118,40,0
1959281N09143,145,0
1959286N07168,150,0
1959305N06167,110,0
1959317N09137,115,0
1959346N06147,150,0
1959356N05152,130,0
1960112N09127,75,0
1960146N08131,45,0
1960154N12137,60,0
1960154N17116,80,0
1960173N08137,125,0
1960199N17129,115,0
1960207N22154,40,0
1960210N13134,135,0
1960215N11138,125,0
1960220N18140,85,0
1960223N21127,50,0
1960223N23136,75,0
1960227N21144,65,0
1960227N23126,75,0
1960230N13155,95,0
1960231N22117,75,0
1960235N10159,125,0
1960243N11137,45,0
1960248N15148,40,0
1960253N09153,40,0
1960268N22153,40,0
1960273N10142,90,0
1960282N21132,80,0
1960286N11163,115,0
1960294N13138,110,0
1960327N09161,135,0
1960346N07148,105,0
1961014N07141,40,0
1961058N06132,40,0
1961081N08148,130,0
1961100N10110,50,0
1961135N12121,75,0
1961141N09135,130,0
1961171N11115,70,0
1961173N09139,45,0
1961188N10147,80,0
1961193N12146,45,0
1961198N18134,40,0
1961204N12147,90,0
1961207N20143,80,0
1961213N12134,95,0
1961225N14143,80,0
1961231N12134,120,0
1961241N20155,50,0
1961247N15127,70,0
1961248N18155,155,0
1961250N07173,185,0
1961265N11156,70,0
1961269N11161,140,0
1961276N22152,180,0
1961291N08159,70,0
1961298N17166,75,0
1961312N14153,140,0
1961339N08137,130,0
1962033N06129,45,0
1962106N10143,130,0
1962135N07132,80,0
1962145N08133,60,0
1962187N17129,80,0
1962198N15124,80,0
1962202N20158,80,0
1962206N14140,75,0
1962209N13149,40,0
1962211N09153,145,0
1962217N10142,65,0
1962224N11151,160,0
1962226N22128,75,0
1962232N17149,115,0
1962236N20131,70,0
1962237N07155,95,0
1962241N14150,140,0
1962254N11123,55,0
1962261N15121,70,0
1962268N12144,100,0
1962272N10161,140,0
1962274N16158,100,0
1962292N11119,50,0
1962292N11139,115,0
1962300N12140,100,0
1962308N08138,90,0
1962311N06154,160,0
1962327N05144,100,0
1962335N10113,45,0
1962340N07141,50,0
1963116N08146,125,0
1963147N12135,70,0
1963158N20116,50,0
1963163N13135,140,0
1963167N09156,70,0
1963182N11144,50,0
1963190N15149,135,0
1963196N10146,85,0
1963207N13151,130,0
1963219N09146,125,0
1963235N17164,100,0
1963236N22137,100,0
1963240N09157,110,0
1963247N18145,135,0
1963251N13151,45,0
1963260N10153,40,0
1963270N08154,150,0
1963276N10140,135,0
1963279N07165,130,0
1963287N19164,100,0
1963291N12156,40,0
1963296N15164,80,0
1963343N10130,75,0
1963349N12131,40,0
1963352N02174,135,0
1964133N10134,85,0
1964143N13112,70,0
1964177N09142,100,0
1964178N12149,65,0
1964184N22133,110,0
1964187N07150,140,0
1964193N10145,80,0
1964196N17144,100,0
1964206N18128,80,0
1964208N17142,50,0
1964209N17150,130,0
1964215N07150,135,0
1964222N10144,40,0
1964224N25161,115,0
1964225N16139,35,0
1964225N18128,70,0
1964230N25156,35,0
1964234N20107,45,0
1964238N16172,50,0
1964245N20132,120,0
1964247N09159,170,0
1964256N17141,110,0
1964257N13118,75,0
1964261N12149,150,0
1964267N17120,50,0
1964269N12142,60,0
1964276N07142,80,0
1964278N07156,90,0
1964282N09168,45,0
1964287N13165,50,0
1964291N11143,45,0
1964295N07158,75,0
1964305N12128,65,0
1964309N11132,70,0
1964316N13117,80,0
1964319N08141,165,0
1964332N12120,55,0
1964344N06153,170,0
1965017N12126,65,0
1965021N07151,60,0
1965046N07114,45,0
1965046N09140,40,0
1965065N10128,40,0
1965101N06158,65,0
1965140N09134,100,0
1965149N18113,120,0
1965150N18109,80,0
1965161N09151,160,0
1965169N08142,50,0
1965187N08144,140,0
1965194N06156,60,0
1965200N10152,100,0
1965205N07163,140,0
1965208N14133,80,0
1965214N24139,60,0
1965226N17116,60,0
1965226N20139,150,0
1965227N12173,150,0
1965238N14144,150,0
1965241N19118,45,0
1965242N15139,100,0
1965244N09145,130,0
1965251N11143,130,0
1965256N13149,65,0
1965259N08153,50,0
1965266N12112,60,0
1965269N08156,150,0
1965274N09162,150,0
1965283N08168,85,0
1965309N08112,50,0
1965317N09169,135,0
1965352N09111,40,0
1966093N07166,85,0
1966130N06139,120,0
1966141N16117,85,0
1966171N09151,170,0
1966189N11127,50,0
1966195N18135,85,0
1966197N18143,65,0
1966204N16116,85,0
1966210N11113,45,0
1966214N15145,80,0
1966222N25140,90,0
1966223N16118,80,0
1966230N18149,90,0
1966230N27132,60,0
1966234N18169,60,0
1966236N13144,130,0
1966241N17147,150,0
1966247N17137,50,0
1966252N16151,75,0
1966252N17112,115,0
1966254N17160,60,0
1966259N15142,60,0
1966261N13158,100,0
1966262N11160,95,0
1966280N13154,100,0
1966299N10137,60,0
1966303N14168,100,0
1966321N09138,60,0
1966325N08140,45,0
1966358N07139,90,0
1967028N05140,40,0
1967059N02145,85,0
1967075N08148,60,0
1967091N04151,120,0
1967128N06137,40,0
1967175N10142,80,0
1967181N09148,75,0
1967183N20155,100,0
1967200N19148,60,0
1967206N15153,80,0
1967209N16113,60,0
1967209N17139,60,0
1967215N20166,60,0
1967222N10145,40,0
1967227N19144,55,0
1967228N14132,70,0
1967229N21164,55,0
1967235N18144,125,0
1967237N15140,70,0
1967241N15170,155,0
1967246N21124,50,0
1967248N23168,110,0
1967252N11211,130,0
1967253N29167,50,0
1967256N18163,45,0
1967259N17145,95,0
1967268N06165,80,0
1967280N20150,60,0
1967283N11150,160,0
1967289N09149,100,0
1967303N07150,140,0
1967310N11129,85,0
1967311N09160,130,0
1967320N10171,110,0
1967350N10135,60,0
1968097N05157,110,0
1968149N10150,100,0
1968178N13156,110,0
1968201N13152,130,0
1968202N19133,60,0
1968203N18119,45,0
1968217N17163,55,0
1968218N15141,60,0
1968227N14145,65,0
1968235N20138,55,0
1968237N21177,55,0
1968240N11173,150,0
1968240N15151,140,0
1968243N23120,65,0
1968256N16148,120,0
1968259N16152,110,0
1968266N06142,150,0
1968275N13161,145,0
1968286N07142,90,0
1968290N14118,55,0
1968292N09165,80,0
1968295N09169,120,0
1968300N10166,70,0
1968311N08165,105,0
1968314N08138,65,0
1968320N07168,70,0
1968325N05168,120,0
1969016N07177,85,0
1969066N05170,40,0
1969105N06148,105,0
1969187N09131,70,0
1969201N04151,130,0
1969208N12145,50,0
1969213N21140,45,0
1969216N09143,70,0
1969225N10150,85,0
1969241N10127,65,0
1969259N15165,150,0
1969270N13139,60,0
1969271N23163,95,0
1969279N11158,105,0
1969287N11150,115,0
1969299N10142,105,0
1969306N08156,110,0
1969328N09138,50,0
1969352N10146,50,0
1970050N07151,120,0
1970177N07142,50,0
1970178N07153,140,0
1970190N12140,55,0
1970200N24161,40,0
1970211N27183,40,0
1970215N21137,40,0
1970219N18140,105,0
1970225N12149,135,0
1970233N15138,110,0
1970237N28154,85,0
1970245N19131,55,0
1970246N14142,45,0
1970250N15140,140,0
1970262N13175,150,0
1970275N11112,100,0
1970282N08147,150,0
1970286N06143,130,0
1970296N07134,60,0
1970299N10157,55,0
1970305N10111,50,0
1970315N08128,50,0
1970318N13157,135,0
1970324N05143,40,0
1971008N08143,50,0
1971074N06134,45,0
1971098N08142,90,0
1971112N11132,75,0
1971118N05155,150,0
1971122N14120,55,0
1971137N10129,50,0
1971141N07156,90,0
1971147N09139,35,0
1971160N10135,75,0
1971173N09136,90,0
1971181N09138,125,0
1971185N23137,60,0
1971189N12130,50,0
1971190N09141,85,0
1971192N07153,130,0
1971195N24183,80,0
1971200N11144,150,0
1971205N10153,85,0
1971216N11143,40,0
1971218N08161,120,0
1971222N23155,90,0
1971231N24151,100,0
1971235N23166,30,0
1971242N09135,100,0
1971246N22172,140,0
1971251N18127,75,0
1971256N25162,25,0
1971258N20158,140,0
1971266N16145,50,0
1971267N12130,70,0
1971274N06134,100,0
1971275N10176,65,0
1971281N16134,65,0
1971291N11134,90,0
1971311N06141,155,0
1971319N06108,45,0
1972004N10142,120,0
1972090N05154,30,0
1972148N07168,105,0
1972152N09146,45,0
1972153N14117,50,0
1972174N11137,80,0
1972187N08161,120,0
1972187N09150,145,0
1972187N11126,65,0
1972189N11171,125,0
1972202N11165,60,0
1972210N07162,90,0
1972210N21132,60,0
1972221N11151,135,0
1972234N17128,65,0
1972238N24165,55,0
1972244N12123,75,0
1972251N12137,75,0
1972254N14145,100,0
1972255N15130,50,0
1972256N10162,30,0
1972260N16152,110,0
1972271N15125,75,0
1972272N12167,60,0
1972278N14171,115,0
1972289N14173,105,0
1972295N07178,105,0
1972307N18144,110,0
1972316N05185,110,0
1972335N06142,105,0
1972335N08116,80,0
1972347N06171,55,0
1973179N11128,60,0
1973184N11110,70,0
1973192N10129,130,0
1973193N13111,85,0
1973193N26164,55,0
1973197N20136,105,0
1973204N10141,40,0
1973217N19123,70,0
1973219N17142,85,0
1973220N23159,45,0
1973222N25168,30,0
1973229N20134,45,0
1973232N17124,60,0
1973240N18112,30,0
1973242N12136,75,0
1973253N14129,80,0
1973274N10136,160,0
1973277N11114,75,0
1973278N13144,140,0
1973284N12144,90,0
1973313N12116,55,0
1973317N08122,55,0
1973320N05142,50,0
1974008N07132,55,0
1974072N08147,55,0
1974115N07150,60,0
1974121N09154,80,0
1974156N06144,70,0
1974157N18112,30,0
1974163N08141,60,0
1974168N17147,45,0
1974177N17153,90,0
1974194N10151,45,0
1974196N16133,45,0
1974197N11147,95,0
1974203N21165,65,0
1974219N16117,35,0
1974222N15149,70,0
1974224N21111,30,0
1974227N17126,50,0
1974236N18154,95,0
1974237N21117,50,0
1974238N23125,30,0
1974245N24123,75,0
1974246N22117,40,0
1974254N23153,75,0
1974262N16146,60,0
1974264N18162,105,0
1974280N11143,65,0
1974286N11138,75,0
1974291N10150,90,0
1974296N14148,95,0
1974303N13130,55,0
1974306N07142,120,0
1974315N09135,35,0
1974324N08146,115,0
1974349N11126,40,0
1974352N09140,40,0
1975019N09140,70,0
1975111N05132,25,0
1975205N18143,40,0
1975211N20137,135,0
1975217N20126,30,0
1975221N18116,80,0
1975221N18127,65,0
1975223N14138,120,0
1975237N23154,50,0
1975244N17153,95,0
1975247N14131,45,0
1975251N23162,65,0
1975258N12132,75,0
1975259N10141,95,0
1975273N09138,105,0
1975274N10116,55,0
1975281N10142,135,0
1975288N13138,70,0
1975296N24129,60,0
1975305N14125,45,0
1975309N11154,85,0
1975319N08146,160,0
1975357N07116,30,0
1975360N10127,30,0
1976026N02151,80,0
1976056N04163,35,0
1976092N11140,115,0
1976115N07163,55,0
1976131N12142,100,0
1976135N09153,130,0
1976172N11141,120,0
1976176N09148,115,0
1976190N09163,135,0
1976199N08149,45,0
1976202N15127,65,0
1976202N16118,55,0
1976213N08160,125,0
1976215N15118,40,0
1976230N18143,50,0
1976233N13136,45,0
1976246N09157,130,0
1976252N07159,40,0
1976257N15113,75,0
1976257N17156,70,0
1976262N14152,70,0
1976301N07153,140,0
1976309N05160,60,0
1976336N08133,45,0
1976343N15132,35,0
1977082N03165,50,0
1977144N18125,30,0
1977161N06134,60,0
1977184N13117,30,0
1977194N06142,75,0
1977200N10138,85,0
1977206N24137,110,0
1977211N20138,45,0
1977228N19133,40,0
1977243N05156,130,0
1977243N14129,35,0
1977254N19147,75,0
1977255N15145,60,0
1977264N14133,55,0
1977276N16155,70,0
1977287N10145,55,0
1977291N07148,90,0
1977300N15162,65,0
1977308N07156,125,0
1977330N07169,115,0
1977352N05171,95,0
1978006N06169,60,0
1978105N04149,85,0
1978165N20138,50,0
1978172N17130,40,0
1978177N11130,35,0
1978192N19154,70,0
1978203N14152,70,0
1978203N18114,50,0
1978203N18139,80,0
1978217N16129,40,0
1978221N16143,80,0
1978222N11131,45,0
1978226N09162,30,0
1978230N09136,65,0
1978237N06160,105,0
1978240N20130,40,0
1978240N27151,50,0
1978252N18166,90,0
1978253N21124,65,0
1978262N14135,50,0
1978264N08147,75,0
1978272N19154,70,0
1978279N14142,60,0
1978281N11138,85,0
1978282N19164,30,0
1978283N06153,20,0
1978287N08166,95,0
1978288N10185,150,0
1978304N14148,60,0
1978320N04155,125,0
1978320N15130,25,0
1978330N09148,55,0
1978361N02180,110,0
1979077N07150,90,0
1979098N02144,80,0
1979126N04148,40,0
1979137N19116,30,0
1979174N07143,85,0
1979180N03155,40,0
1979204N19143,20,0
1979205N10148,130,0
1979206N19132,60,0
1979214N12136,25,0
1979219N15138,90,0
1979228N11151,135,0
1979228N12169,20,0
1979242N22143,60,0
1979243N19154,90,0
1979254N10140,70,0
1979258N10120,45,0
1979262N15149,110,0
1979266N18150,45,0
1979271N13113,110,0
1979273N11145,45,0
1979275N06159,165,0
1979300N04166,140,0
1979311N10142,50,0
1979333N07169,110,0
1979333N12153,30,0
1979350N07153,60,0
1980076N06148,30,0
1980094N02179,60,0
1980126N08150,90,0
1980133N07149,110,0
1980137N04158,55,0
1980140N16116,55,0
1980171N06142,50,0
1980187N09146,60,0
1980197N07154,105,0
1980197N15133,30,0
1980201N08155,130,0
1980208N23153,80,0
1980219N15165,110,0
1980225N11145,20,0
1980236N15144,90,0
1980246N05151,85,0
1980254N14112,65,0
1980256N10154,65,0
1980257N17133,125,0
1980269N15147,55,0
1980270N13165,105,0
1980277N09157,150,0
1980282N19162,35,0
1980296N05165,125,0
1980300N08137,35,0
1980323N04180,100,0
1980349N10138,50,0
1981070N03173,100,0
1981102N04162,60,0
1981118N04164,45,0
1981158N17119,65,0
1981166N11135,75,0
1981176N08150,75,0
1981178N05160,55,0
1981195N11138,55,0
1981202N24123,35,0
1981207N22150,65,0
1981212N17142,45,0
1981214N13113,50,0
1981218N20168,60,0
1981226N16119,45,0
1981226N17142,55,0
1981227N18129,85,0
1981237N16148,95,0
1981245N23161,85,0
1981256N10150,120,0
1981261N25174,80,0
1981266N09151,150,0
1981283N07132,45,0
1981286N10150,95,0
1981317N14153,100,0
1981319N07163,135,0
1981324N08158,35,0
1981343N05150,115,0
1981355N07149,95,0
1982073N07153,60,0
1982077N04161,105,0
1982087N04157,75,0
1982136N08140,105,0
1982169N09149,75,0
1982176N18114,55,0
1982179N19128,50,0
1982190N09148,55,0
1982202N11165,140,0
1982202N12148,120,0
1982213N13145,125,0
1982220N08154,80,0
1982227N09140,90,0
1982229N09154,125,0
1982238N10161,100,0
1982246N16119,60,0
1982247N11147,90,0
1982248N14133,90,0
1982257N17140,110,0
1982257N20172,50,0
1982261N20150,30,0
1982272N11156,140,0
1982283N17148,115,0
1982286N09170,105,0
1982286N17145,20,0
1982325N08176,100,0
1982339N07139,65,0
1983167N05145,35,0
1983186N04153,90,0
1983188N06136,65,0
1983201N08144,135,0
1983212N06151,145,0
1983220N16111,45,0
1983223N23143,50,0
1983229N15140,55,0
1983237N25128,30,0
1983239N10183,125,0
1983259N08161,150,0
1983271N18118,55,0
1983276N06130,50,0
1983279N04140,65,0
1983279N17148,65,0
1983282N09155,40,0
1983287N09164,70,0
1983299N07172,145,0
1983311N15161,50,0
1983317N12153,125,0
1983319N05157,25,0
1983321N11111,70,0
1983325N08148,60,0
1983334N09142,55,0
1983347N06154,55,0
1984159N12116,40,0
1984169N20137,60,0
1984180N16130,75,0
1984184N06139,55,0
1984186N16154,90,0
1984204N21162,125,0
1984207N29135,100,0
1984214N12143,55,0
1984220N03145,30,0
1984225N18142,75,0
1984227N18118,55,0
1984234N16147,20,0
1984238N18137,60,0
1984239N08146,125,0
1984255N25173,75,0
1984267N18120,40,0
1984270N19141,55,0
1984270N22147,60,0
1984277N07151,70,0
1984281N13146,80,0
1984283N09139,35,0
1984284N11116,40,0
1984290N06153,120,0
1984291N13130,65,0
1984294N04163,155,0
1984302N00149,120,0
1984313N14154,130,0
1984317N04164,110,0
1984336N05156,125,0
1985004N04131,55,0
1985005N04157,40,0
1985136N07129,100,0
1985162N05154,100,0
1985166N19111,30,0
1985168N05156,90,0
1985199N08143,75,0
1985212N22148,85,0
1985220N18128,60,0
1985226N23126,70,0
1985227N16149,95,0
1985231N16142,90,0
1985236N23125,95,0
1985237N21130,55,0
1985240N08148,75,0
1985240N09198,80,0
1985256N13146,50,0
1985260N13115,50,0
1985268N03161,90,0
1985268N16126,70,0
1985281N02144,100,0
1985284N05159,150,0
1985286N05162,50,0
1985294N10122,100,0
1985323N05107,45,0
1985347N07155,100,0
1985347N09114,60,0
1986029N04152,85,0
1986112N02152,90,0
1986134N08149,150,0
1986136N18114,45,0
1986169N07152,80,0
1986172N04161,50,0
1986179N11175,140,0
1986190N11162,85,0
1986209N13139,55,0
1986214N09234,65,0
1986221N17163,80,0
1986225N17134,110,0
1986228N19120,90,0
1986229N18130,40,0
1986252N06153,95,0
1986259N07170,120,0
1986270N05178,100,0
1986275N10134,45,0
1986276N07177,80,0
1986283N10179,110,0
1986287N09141,55,0
1986302N05178,60,0
1986309N07162,55,0
1986316N06146,100,0
1986330N05173,135,0
1986333N04179,40,0
1986343N05176,95,0
1986353N03178,90,0
1987007N06162,95,0
1987093N05155,40,0
1987168N17118,35,0
1987176N10150,75,0
1987188N10151,130,0
1987196N09146,65,0
1987200N04191,125,0
1987202N09144,65,0
1987219N08134,140,0
1987219N08155,85,0
1987231N10159,130,0
1987232N07173,35,0
1987244N11177,140,0
1987245N15133,105,0
1987247N09150,125,0
1987264N10190,100,0
1987266N16148,110,0
1987267N17163,30,0
1987270N15160,40,0
1987282N12137,95,0
1987288N13168,140,0
1987311N10148,45,0
1987320N03171,145,0
1987325N13126,45,0
1987343N05154,100,0
1988005N03174,115,0
1988150N19119,80,0
1988156N18128,30,0
1988170N05141,70,0
1988177N07137,45,0
1988193N09149,115,0
1988208N27135,45,0
1988218N21128,45,0
1988219N27175,45,0
1988226N22173,115,0
1988237N23154,35,0
1988237N30143,75,0
1988242N12215,110,0
1988246N26133,45,0
1988249N18163,105,0
1988255N15132,45,0
1988255N21159,55,0
1988260N15157,55,0
1988263N15126,60,0
1988263N18115,45,0
1988274N12142,140,0
1988282N17153,90,0
1988290N08145,75,0
1988295N10138,125,0
1988306N15130,25,0
1988307N09131,65,0
1988308N09140,125,0
1988356N05142,55,0
1989010N16212,55,0
1989103N07154,140,0
1989134N07138,75,0
1989142N11114,75,0
1989153N04144,100,0
1989169N16142,35,0
1989187N15132,60,0
1989190N20160,140,0
1989194N13149,55,0
1989199N05139,55,0
1989201N11145,95,0
1989208N20133,30,0
1989209N22130,50,0
1989211N24153,80,0
1989216N06159,75,0
1989221N10149,75,0
1989227N16145,35,0
1989228N29127,30,0
1989235N22146,30,0
1989235N26122,50,0
1989246N16159,125,0
1989250N17148,50,0
1989254N17145,50,0
1989259N20126,65,0
1989271N12142,130,0
1989271N14168,80,0
1989272N18120,80,0
1989279N07151,70,0
1989286N14137,140,0
1989291N05158,95,0
1989305N07105,140,0
1989314N10152,90,0
1989324N17174,140,0
1989335N05162,30,0
1989354N05155,125,0
1990008N01172,75,0
1990117N04152,35,0
1990129N05138,90,0
1990163N08133,55,0
1990164N14112,30,0
1990166N06141,90,0
1990171N11148,115,0
1990180N09159,45,0
1990202N13130,55,0
1990205N16141,115,0
1990208N18132,95,0
1990216N29125,65,0
1990219N10214,55,0
1990221N07162,90,0
1990228N15141,100,0
1990232N13141,70,0
1990235N10152,90,0
1990245N16149,75,0
1990245N20123,45,0
1990250N13157,90,0
1990251N06171,145,0
1990261N12141,80,0
1990271N13153,90,0
1990272N11121,35,0
1990283N15129,35,0
1990287N13156,90,0
1990288N15118,40,0
1990309N08167,140,0
1990310N07152,150,0
1990312N12121,50,0
1990319N07197,140,0
1990347N05173,125,0
1991062N04156,60,0
1991077N03165,70,0
1991111N04145,45,0
1991124N05152,140,0
1991163N11128,105,0
1991187N06139,80,0
1991194N11147,125,0
1991196N06153,70,0
1991197N09248,65,0
1991200N05157,95,0
1991219N25165,35,0
1991220N10133,95,0
1991220N20160,85,0
1991223N19162,25,0
1991226N18159,65,0
1991233N22147,30,0
1991239N20133,40,0
1991243N05172,115,0
1991244N19126,55,0
1991251N12138,90,0
1991256N13171,130,0
1991256N14148,50,0
1991257N16130,110,0
1991274N08164,125,0
1991274N14149,115,0
1991289N06156,145,0
1991300N06149,25,0
1991301N08173,130,0
1991304N08140,45,0
1991307N06177,55,0
1991317N09141,45,0
1991320N06171,150,0
1991329N04181,80,0
1992003N03176,70,0
1992027N05206,100,0
1992172N07144,120,0
1992174N13126,80,0
1992176N06145,40,0
1992188N07156,75,0
1992194N07140,55,0
1992198N13135,65,0
1992206N25161,45,0
1992211N39164,25,0
1992212N05154,115,0
1992212N20135,80,0
1992216N06182,130,0
1992227N13130,40,0
1992227N17112,50,0
1992229N24162,45,0
1992233N07173,25,0
1992236N07159,130,0
1992237N14144,50,0
1992242N13166,115,0
1992248N19166,110,0
1992259N11159,65,0
1992263N05175,55,0
1992268N11193,95,0
1992277N16140,155,0
1992279N08175,40,0
1992286N12115,90,0
1992289N08135,80,0
1992289N09171,95,0
1992298N10188,110,0
1992302N06150,145,0
1992304N18178,25,0
1992311N06107,70,0
1992314N08141,125,0
1992318N06182,160,0
1992318N11160,125,0
1993059N05136,25,0
1993064N03174,55,0
1993096N08148,25,0
1993105N06165,30,0
1993134N04160,35,0
1993164N04160,130,0
1993166N06131,30,0
1993185N09137,85,0
1993193N08144,45,0
1993199N10156,70,0
1993205N15137,45,0
1993207N19130,65,0
1993211N07161,120,0
1993215N08154,65,0
1993221N12216,115,0
1993223N07185,25,0
1993224N07153,80,0
1993229N10159,80,0
1993231N09134,45,0
1993240N17142,130,0
1993246N16129,55,0
1993250N17119,110,0
1993253N06150,65,0
1993261N11131,80,0
1993263N11168,100,0
1993270N07153,140,0
1993271N14134,70,0
1993275N04159,35,0
1993279N12114,25,0
1993285N12192,50,0
1993298N11154,120,0
1993306N10168,50,0
1993316N09177,25,0
1993317N08149,25,0
1993322N09137,95,0
1993331N05172,105,0
1993331N07108,75,0
1993336N05164,120,0
1993353N05159,70,0
1994001N05156,25,0
1994088N09148,75,0
1994128N04155,90,0
1994134N05161,30,0
1994153N19113,55,0
1994169N06152,45,0
1994181N17137,30,0
1994186N09139,125,0
1994189N16117,45,0
1994191N08141,65,0
1994192N05139,130,0
1994197N14115,45,0
1994205N13148,25,0
1994206N14131,50,0
1994206N22107,40,0
1994210N16144,60,0
1994211N12152,140,0
1994212N11240,65,0
1994215N30149,80,0
1994222N11267,150,0
1994224N20152,130,0
1994231N12157,105,0
1994232N10144,60,0
1994237N24167,75,0
1994242N12112,45,0
1994244N07151,85,0
1994249N12136,30,0
1994250N14133,50,0
1994251N10180,135,0
1994257N13139,45,0
1994259N12128,135,0
1994263N17170,95,0
1994265N16149,50,0
1994271N25169,30,0
1994273N08176,120,0
1994287N08176,115,0
1994287N14156,80,0
1994291N12170,125,0
1994295N25188,35,0
1994298N25161,135,0
1994345N06165,115,0
1994348N04175,50,0
1995005N04189,30,0
1995113N06169,35,0
1995148N07150,50,0
1995150N05156,40,0
1995193N06156,105,0
1995206N15133,65,0
1995209N17122,35,0
1995215N12145,70,0
1995225N12124,60,0
1995229N12144,55,0
1995233N16115,65,0
1995233N23130,25,0
1995236N10134,130,0
1995240N24151,95,0
1995244N08139,45,0
1995247N05144,30,0
1995250N09161,140,0
1995252N08142,90,0
1995255N14104,45,0
1995258N14115,130,0
1995262N04161,25,0
1995264N06174,95,0
1995271N30178,30,0
1995276N13124,25,0
1995277N07141,75,0
1995279N15153,45,0
1995287N08163,140,0
1995292N08150,65,0
1995293N05177,155,0
1995294N05163,120,0
1995302N17174,50,0
1995314N25186,35,0
1995334N09129,30,0
1995341N08115,30,0
1995357N07139,55,0
1996032N10150,25,0
1996054N04149,25,0
1996058N06137,30,0
1996090N04150,40,0
1996116N08114,25,0
1996128N07138,125,0
1996137N13111,60,0
1996186N19156,75,0
1996192N19152,140,0
1996201N07137,90,0
1996202N17115,90,0
1996203N12152,140,0
1996208N20165,75,0
1996209N12144,40,0
1996210N05156,95,0
1996217N16111,40,0
1996223N29158,30,0
1996225N23108,50,0
1996227N08156,95,0
1996227N15176,115,0
1996227N30177,30,0
1996232N21170,65,0
1996238N27155,25,0
1996240N22168,35,0
1996246N08148,140,0
1996250N08148,45,0
1996252N11162,75,0
1996254N13138,130,0
1996260N19107,65,0
1996261N08184,130,0
1996265N06154,30,0
1996268N15140,110,0
1996282N11162,90,0
1996283N12133,50,0
1996284N09158,25,0
1996291N17168,105,0
1996299N11121,30,0
1996303N07155,50,0
1996305N11121,40,0
1996307N09154,140,0
1996309N21175,50,0
1996312N14125,45,0
1996328N08151,25,0
1996348N04104,30,0
1996353N05151,80,0
1996356N08110,45,0
1996364N17145,50,0
1997011N04176,50,0
1997099N06153,145,0
1997108N05168,55,0
1997124N03171,45,0
1997143N17111,45,0
1997146N09161,90,0
1997152N06171,140,0
1997165N12139,90,0
1997167N06162,70,0
1997196N08142,140,0
1997201N24152,55,0
1997202N04152,90,0
1997210N15120,65,0
1997217N06168,140,0
1997221N03179,65,0
1997225N09186,30,0
1997232N14136,110,0
1997232N17115,75,0
1997236N10172,135,0
1997238N19112,45,0
1997240N12193,140,0
1997252N10171,95,0
1997261N13114,75,0
1997262N22184,40,0
1997265N10175,145,0
1997270N18111,40,0
1997273N13151,30,0
1997283N07177,160,0
1997284N04179,160,0
1997296N07176,55,0
1997298N06140,65,0
1997299N07169,155,0
1997311N10151,65,0
1997333N06194,160,0
1998187N17132,30,0
1998188N18117,50,0
1998204N17144,45,0
1998213N14128,100,0
1998217N10130,60,0
1998235N17131,115,0
1998243N23122,30,0
1998253N17150,65,0
1998254N20116,25,0
1998258N19126,130,0
1998259N17118,90,0
1998260N16110,30,0
1998262N20137,45,0
1998267N13134,80,0
1998275N12113,30,0
1998277N24122,30,0
1998278N28126,30,0
1998281N11151,155,0
1998283N13149,50,0
1998285N12149,135,0
1998315N09116,50,0
1998320N10102,75,0
1998321N11117,45,0
1998327N09126,45,0
1998342N06141,90,0
1998343N08114,35,0
1998351N11125,25,0
1998353N13113,30,0
1999003N05114,35,0
1999045N11138,35,0
1999096N10136,35,0
1999111N08126,75,0
1999116N14114,110,0
1999151N09132,105,0
1999195N24156,30,0
1999201N25134,30,0
1999203N17129,40,0
1999204N17117,25,0
1999208N06139,80,0
1999213N12144,50,0
1999217N11265,120,0
1999218N21116,35,0
1999219N25142,25,0
1999228N31128,25,0
1999230N12129,75,0
1999231N30181,70,0
1999233N32152,30,0
1999235N27140,70,0
1999241N12133,40,0
1999253N17124,70,0
1999254N18142,45,0
1999258N25128,45,0
1999260N20130,140,0
1999266N18113,40,0
1999275N16135,110,0
1999288N12129,35,0
1999309N18147,30,0
1999310N09138,35,0
1999315N13127,65,0
1999334N11118,30,0
1999342N08116,30,0
1999348N12115,30,0
2000125N06136,155,0
2000138N16119,40,0
2000141N18116,30,0
2000150N11117,30,0
2000184N13133,115,0
2000185N15117,75,0
2000193N10131,25,0
2000196N16122,25,0
2000199N20145,45,0
2000202N12131,50,0
2000209N06182,40,0
2000214N22155,125,0
2000220N24149,30,0
2000222N14143,75,0
2000228N31180,45,0
2000230N08139,140,0
2000230N30169,25,0
2000232N12116,45,0
2000237N08138,75,0
2000240N22115,55,0
2000245N14157,140,0
2000248N17117,95,0
2000248N18126,55,0
2000258N22138,75,0
2000260N15178,135,0
2000272N24165,35,0
2000281N11111,40,0
2000295N20146,105,0
2000299N08139,90,0
2000305N06136,85,0
2000313N18126,30,0
2000332N08133,55,0
2000364N07130,110,0
2001047N09134,25,0
2001106N04138,25,0
2001125N05129,60,0
2001170N11138,100,1004
2001180N15118,75,1002
2001181N08141,80,0
2001189N13130,40,0
2001192N21177,25,1004
2001202N23152,85,1004
2001204N19127,85,1002
2001206N14134,100,1005
2001212N10158,120,1006
2001220N17118,40,1002
2001225N18146,90,1002
2001236N21161,30,1002
2001238N16139,130,1002
2001238N18162,45,1003
2001239N19116,45,1006
2001246N19156,105,1002
2001248N23125,100,1004
2001259N20138,75,1002
2001260N14167,100,1004
2001264N21126,95,1004
2001276N13146,105,1004
2001284N16132,90,1002
2001291N05158,140,1004
2001309N10130,115,1004
2001321N07148,35,0
2001323N05107,35,1003
2001338N10130,35,1004
2001345N05155,35,1004
2001347N04162,155,1004
2001361N01106,65,1005
2002008N07141,50,1004
2002057N06156,140,1004
2002078N04138,30,1004
2002096N11155,30,1002
2002133N03150,140,1002
2002146N17113,25,1006
2002155N20112,85,1004
2002178N04155,130,1004
2002178N10139,110,1006
2002187N11160,135,1004
2002189N21116,40,1002
2002195N11172,145,1004
2002198N09182,30,1009
2002199N08130,35,1002
2002200N21150,65,1002
2002214N19120,50,1004
2002215N34140,25,1006
2002222N09163,135,1004
2002222N11131,35,1004
2002227N14115,55,1004
2002234N14164,115,1004
2002237N10202,115,0
2002240N16155,110,1006
2002252N20121,45,1006
2002264N13114,55,1006
2002268N15163,135,1006
2002281N10163,25,1006
2002282N10156,70,1002
2002289N18162,30,1008
2002291N13177,30,1002
2002297N09206,75,1011
2002298N17169,75,1006
2002323N09155,95,1002
2002335N05166,130,1006
2003011N02180,50,1006
2003098N03159,135,1006
2003137N07131,30,1002
2003138N04148,115,1006
2003144N16119,55,1004
2003150N17119,45,1006
2003158N08156,115,1006
2003196N05150,130,1006
2003196N11137,65,1007
2003212N09150,110,1006
2003212N12130,65,1004
2003226N07156,90,1004
2003230N18125,35,1004
2003240N14230,90,1010
2003240N20139,125,1002
2003247N10153,150,1004
2003259N13133,100,1006
2003267N15140,90,1002
2003279N18118,25,1006
2003283N26131,30,1002
2003290N15132,125,1002
2003291N17147,130,1006
2003294N11112,25,1004
2003295N09101,35,1002
2003302N11133,75,1006
2003316N11141,75,1006
2003319N13172,145,1006
2003357N11142,35,1004
2004042N08148,40,1006
2004074N03143,35,1004
2004093N07154,130,1002
2004134N07132,140,1006
2004135N09114,35,1002
2004136N05148,60,1004
2004156N16117,100,1006
2004158N07142,75,1004
2004164N06139,155,1006
2004174N14146,125,1006
2004177N12154,80,1004
2004193N19136,45,1008
2004206N20151,115,1004
2004215N22148,35,1004
2004216N16166,90,1004
2004219N15137,90,1002
2004222N24150,35,1006
2004227N15144,65,1002
2004230N09172,155,1006
2004231N09147,90,1004
2004238N13154,30,1006
2004239N11171,125,1004
2004248N14156,60,1004
2004255N23120,35,1004
2004263N13153,125,1006
2004275N14139,140,1006
2004284N07157,125,1006
2004288N09164,110,1004
2004319N10134,115,1004
2004333N06154,130,1004
2004344N06178,50,1005
2004352N10154,55,1006
2005013N05153,65,1006
2005071N06152,80,1006
2005107N07151,115,1006
2005148N06156,125,1006
2005192N22155,140,1006
2005199N21168,55,1006
2005202N13138,60,1002
2005210N19115,45,1004
2005211N09141,90,1006
2005222N14131,65,1006
2005229N21156,65,1006
2005230N20144,125,1006
2005237N14148,130,1006
2005241N15155,140,1006
2005248N08142,115,1002
2005257N15120,50,1006
2005262N13127,90,1002
2005262N20155,100,1006
2005268N19146,125,1006
2005279N17111,30,1006
2005282N22138,115,1004
2005301N13117,85,1004
2005311N08140,45,1004
2005316N05134,70,1004
2005350N08127,45,1006
2006060N04141,35,1006
2006128N09138,125,1006
2006174N08135,45,1006
2006180N06140,130,1004
2006188N10143,50,1006
2006198N08152,75,1006
2006209N13130,70,1006
2006216N07151,140,1006
2006216N21152,60,1006
2006217N20134,55,1006
2006224N21141,55,1002
2006225N17126,45,1006
2006228N10218,140,1012
2006234N18109,30,1006
2006252N13139,120,1006
2006253N20120,30,1004
2006259N19155,140,1006
2006264N13115,30,1006
2006268N12129,125,1004
2006272N13144,35,1002
2006276N18151,30,1006
2006282N13160,90,1004
2006298N12143,140,1006
2006311N16143,125,1006
2006329N06150,135,1006
2006340N08142,100,1006
2006349N08157,30,1006
2007090N06158,100,1007
2007135N08147,130,1006
2007184N16112,35,1006
2007188N04148,125,1008
2007208N20155,120,1010
2007213N12115,30,1010
2007216N18138,70,1010
2007219N15130,30,1010
2007223N19136,140,1010
2007240N17153,80,1006
2007249N24161,65,1007
2007254N18140,125,1010
2007257N16134,135,1007
2007262N09138,30,1010
2007265N20122,45,1007
2007272N17125,70,1007
2007274N18131,130,1002
2007274N28173,50,1007
2007282N19181,40,1010
2007291N19148,115,1007
2007298N18136,40,1007
2007306N18133,75,1010
2007313N16148,35,1010
2007323N09128,80,1007
2007324N10140,95,1007
2007327N09152,25,1010
2007330N10141,25,1010
2008012N12123,40,1010
2008104N08128,100,1010
2008128N07134,135,1005
2008135N12116,75,1007
2008135N16125,40,1006
2008147N10141,125,1007
2008169N08135,110,1010
2008193N20126,90,1010
2008206N22133,95,1007
2008217N19120,50,1007
2008218N10224,35,1011
2008224N24122,35,1010
2008226N22134,55,1010
2008229N13147,100,1010
2008238N13130,35,1010
2008252N16128,125,1007
2008253N29150,35,1010
2008257N28148,35,1010
2008262N16142,125,1008
2008268N12140,140,1004
2008272N08139,40,1010
2008272N15113,55,1010
2008286N17109,35,1010
2008292N20152,45,1010
2008311N08128,55,1007
2008320N08122,40,1007
2008320N23146,40,1010
2008343N16168,85,1007
2009121N13124,115,1010
2009123N10111,90,1010
2009164N10131,75,1010
2009173N10132,45,1010
2009189N17129,35,1010
2009192N16130,30,1010
2009196N14129,65,1007
2009213N16130,45,1010
2009215N20133,80,1010
2009219N19140,40,1007
2009221N10201,45,1012
2009228N11163,120,1008
2009238N12189,30,1009
2009238N20151,65,1010
2009246N18130,50,1007
2009251N16118,30,1007
2009254N14130,75,1010
2009255N13155,140,1008
2009268N14128,90,1010
2009269N10163,30,1010
2009270N10148,135,1008
2009272N07164,150,1007
2009281N15144,55,1007
2009287N10154,140,1006
2009299N12153,90,1004
2009305N14134,25,1010
2009311N20157,45,1010
2009324N06129,30,1010
2009325N06148,155,1010
2009337N14143,35,1007
2010018N07113,30,1010
2010078N03153,50,1010
2010191N12138,80,1010
2010198N15123,80,1010
2010218N20127,55,1010
2010233N17119,65,1010
2010239N15118,60,1010
2010240N15142,105,1010
2010241N25125,40,1010
2010243N12146,45,1010
2010249N24125,65,1010
2010256N17137,105,1010
2010263N15149,90,1010
2010278N18110,30,1010
2010285N13145,160,1010
2010293N13165,30,1010
2010293N16147,115,1007
2010305N06105,55,1007
2010315N14112,30,1010
2010346N09115,25,1010
2010350N30175,50,1008
2011091N09112,30,1010
2011093N10131,30,1007
2011126N11129,50,1007
2011140N08142,140,1007
2011159N13122,30,1007
2011167N08129,35,1007
2011172N11133,55,1007
2011192N18158,115,1010
2011195N15134,30,1010
2011205N12130,65,1007
2011208N09145,140,1007
2011215N24164,75,1010
2011221N17139,30,1011
2011233N12129,140,1007
2011236N15143,55,1007
2011245N21150,45,1007
2011249N18133,40,1010
2011253N20145,115,1007
2011257N19154,90,1010
2011266N13139,115,1010
2011267N16111,35,1010
2011270N18139,130,1007
2011282N08136,30,1010
2011311N13111,25,1010
2011338N06114,25,1010
2011344N12117,25,1010
2011346N03156,50,1010
2012046N08130,25,1007
2012086N10116,60,1008
2012141N11148,80,1007
2012152N12130,105,1010
2012162N06150,130,1010
2012168N19112,50,1007
2012177N11135,40,1010
2012196N19144,55,1009
2012201N15129,115,1007
2012209N11131,90,1007
2012209N25149,80,1007
2012215N23146,65,1010
2012216N24162,45,1010
2012225N16133,65,1010
2012230N21126,120,1007
2012232N13141,125,1009
2012254N09135,155,1010
2012263N15141,140,1010
2012267N16141,55,1006
2012273N13112,55,1010
2012274N13151,45,1007
2012279N15145,105,1007
2012287N16147,55,1010
2012296N06135,105,1010
2012317N07118,25,1010
2012331N03157,150,1007
2012359N08134,35,1010
2013001N04141,40,1010
2013049N05131,25,1007
2013158N13129,55,1010
2013167N12128,35,1010
2013171N15117,35,1010
2013178N09133,70,1010
2013187N20156,125,1007
2013196N14128,40,1010
2013210N13122,60,1007
2013217N11118,45,1010
2013220N12137,130,1010
2013221N11244,30,1012
2013224N12220,35,1010
2013227N08193,65,1009
2013228N23124,75,1010
2013229N26132,30,1007
2013237N11129,50,1007
2013243N26122,50,1007
2013255N20148,60,1007
2013259N17132,135,1010
2013260N15112,25,1007
2013262N14149,90,1007
2013269N15118,100,1007
2013272N10135,90,1010
2013272N26152,40,1004
2013274N18152,120,1007
2013282N14132,100,1007
2013282N14149,120,1010
2013289N14149,140,1007
2013290N14153,30,1010
2013292N09162,140,1010
2013301N13142,105,1010
2013305N07141,35,1010
2013306N07162,170,1010
2013316N06130,30,1010
2013324N07103,75,1010
2013337N15139,30,1007
2014015N10129,30,1010
2014029N10143,35,1010
2014058N09149,80,1010
2014080N08128,25,1010
2014093N02148,35,1007
2014117N10145,70,1006
2014164N19116,50,1004
2014184N08147,140,1010
2014190N08154,140,1007
2014197N10137,85,1005
2014204N10239,140,1011
2014209N12152,140,1007
2014209N16134,40,1010
2014248N19129,65,1010
2014249N14118,30,1010
2014254N10142,80,1010
2014260N13135,50,1007
2014267N18150,55,1004
2014271N10160,135,1007
2014275N06166,155,1007
2014303N13141,155,1008
2014329N08131,55,1010
2014334N02156,155,1010
2014362N07130,45,1007
2015012N09146,70,1010
2015038N08158,130,1007
2015069N04173,50,1010
2015085N06162,150,1010
2015092N06161,45,1007
2015122N07144,140,1007
2015127N04158,140,1004
2015171N15112,50,1007
2015180N09160,120,1007
2015183N13130,75,1007
2015184N08172,135,1007
2015188N08194,85,1008
2015203N16126,35,1010
2015211N13162,155,1004
2015213N29146,30,1010
2015218N18149,45,1004
2015226N12151,120,1007
2015226N15164,140,1004
2015229N08212,120,1008
2015249N18142,60,1014
2015256N16113,35,1007
2015257N14152,100,1010
2015263N14148,130,1007
2015273N12130,115,1010
2015274N17167,70,993
2015285N14151,130,1007
2015286N12163,125,1004
2015293N16164,35,1010
2015321N04164,120,1004
2015344N07145,125,1007
2015348N04146,25,1010
2015362N01179,30,1010
2016147N18115,30,1007
2016185N08145,155,1007
2016199N18131,25,1010
2016205N25152,45,1000
2016207N17116,65,1007
2016211N11128,80,1004
2016216N17149,65,996
2016221N19163,55,1007
2016225N16138,60,1007
2016228N22117,45,1007
2016230N15138,65,1007
2016230N25160,120,1007
2016232N22153,35,1004
2016236N13146,40,1007
2016244N21123,100,1008
2016253N13144,170,1005
2016253N26152,35,1007
2016255N12114,30,1007
2016256N12146,115,1007
2016265N10150,120,1007
2016269N15165,150,1007
2016278N16181,130,1010
2016279N19130,55,1010
2016287N12131,115,1005
2016288N06146,145,1007
2016305N10147,90,1004
2016313N11163,35,1007
2016315N11171,25,1010
2016328N09130,80,1007
2016355N07146,140,1010
2017008N08128,30,1010
2017104N11130,25,1010
2017113N09144,40,1008
2017161N13119,45,1010
2017182N15132,65,1006
2017195N16114,50,1007
2017200N26162,135,1007
2017201N23178,50,1010
2017202N16116,45,1007
2017202N19124,35,1007
2017206N13129,90,1004
2017209N19118,40,1007
2017212N27158,60,1004
2017223N16172,110,1007
2017232N19130,100,1007
2017236N15129,60,1008
2017239N18147,90,1000
2017242N19122,45,1004
2017247N16132,30,1010
2017252N14147,120,1007
2017253N14130,95,1006
2017267N18116,30,1007
2017282N17113,30,1007
2017284N15134,90,1004
2017288N09138,135,1007
2017291N09116,25,1005
2017292N13151,65,1007
2017304N11127,90,1010
2017307N07102,25,1010
2017312N10134,45,1010
2017321N07124,40,1007
2017347N11131,50,1007
2017354N08134,85,1010
2017364N07138,35,1007
2018039N08151,40,1010
2018082N04147,130,1007
2018129N15153,35,1009
2018153N12113,40,1007
2018155N10132,60,1003
2018164N21120,35,996
2018165N22117,45,1000
2018179N19134,80,1010
2018184N10147,145,1007
2018195N19138,50,1007
2018199N18128,55,1004
2018202N18116,35,1007
2018202N21159,65,1008
2018204N15137,90,1010
2018211N27152,35,1004
2018213N12245,135,1013
2018214N19153,85,1010
2018218N18134,45,1004
2018221N17112,60,1001
2018222N16147,65,1007
2018226N23128,50,1007
2018227N11145,105,1010
2018229N11160,115,1006
2018234N22119,30,1001
2018239N11161,155,1005
2018250N12170,155,1007
2018251N20122,45,1009
2018263N12146,140,1003
2018268N24155,30,1006
2018271N06154,150,1004
2018294N08161,150,1012
2018311N07179,90,1009
2018321N10113,30,1010
2018324N04156,95,1010
2018358N07140,30,1006
2018365N08115,50,1009
2019004N03175,30,1010
2019050N05163,145,1011
2019071N04161,35,1010
2019178N10137,35,1008
2019182N18114,35,1001
2019195N13136,45,1008
2019205N23137,35,1005
2019210N16117,55,1010
2019213N17155,80,1003
2019214N15134,135,1007
2019216N16147,100,1010
2019231N13135,60,1004
2019236N08143,40,0
2019242N14180,115,1010
2019242N18126,35,1005
2019243N06136,120,1010
2019255N09162,35,0
2019260N20129,65,1007
2019268N10155,90,1010
2019278N16165,160,1010
2019288N16136,95,0
2019290N08169,140,1011
2019302N11118,105,1010
2019306N10162,165,1007
2019308N13114,65,1007
2019314N12172,115,1013
2019314N14136,90,1011
2019322N11144,65,1012
2019329N09160,120,1010
2019354N05151,105,1011
2020129N07134,100,1009
2020160N10133,35,1007
2020211N14124,45,1005
2020213N15131,75,1007
2020220N14128,40,1002
2020222N15117,70,1010
2020222N26149,45,1010
2020229N18123,60,1006
2020234N19123,100,1005
2020239N13134,120,1014
2020244N25146,135,1008
2020254N26143,25,1007
2020258N11127,50,1014
2020263N21136,55,1012
2020270N17159,65,1006
2020277N21141,80,1010
2020281N14126,40,1007
2020285N17120,50,1005
2020291N06141,75,1009
2020293N23139,30,1009
2020296N09137,105,1010
2020299N11144,170,1010
2020303N05149,50,1011
2020312N10131,45,1010
2020313N08135,115,1010
2020353N06129,30,1010
2021046N06142,45,1010
2021102N06144,170,1007
2021132N06132,35,1009
2021148N05142,45,1010
2021161N18115,35,1004
2021171N09152,65,1010
2021185N13121,30,1010
2021186N16129,30,1004
2021197N17135,95,1007
2021198N19117,80,1005
2021204N21146,40,1004
2021214N20155,35,1007
2021214N21110,45,997
2021215N24124,55,998
2021216N22144,55,1010
2021219N08193,55,1012
2021244N24164,35,1005
2021248N11131,65,1008
2021248N12141,155,1006
2021264N13119,35,1009
2021265N11150,140,1008
2021276N07131,45,1012
2021280N14137,60,1004
2021282N16165,55,1010
2021295N09145,85,1014
2021296N06127,35,1014
2021333N11146,130,1010
2021346N05145,150,1010
2021349N05108,30,1010
2022088N09116,35,1009
2022096N03150,105,1007
2022099N11128,40,1010
2022180N15117,75,1010
2022180N15130,45,1010
2022208N15143,30,1007
2022211N20129,35,1007
2022215N21118,25,1005
2022221N24149,35,1010
2022232N18131,65,1008
2022233N22151,95,1007
2022239N22150,145,1007
2022242N20133,30,1010
2022247N26147,110,1010
2022254N21158,70,1004
2022254N24143,135,1010
2022263N18137,35,1006
2022264N17132,145,1008
2022268N20147,75,1000
2022270N14136,90,1006
2022284N15152,40,1007
2022285N12116,35,1005
2022285N17140,90,1008
2022287N26154,35,1006
2022292N21132,30,1012
2022299N11134,75,1012
2022301N07140,40,1008
2022316N20167,40,1008
2022342N06133,50,1010
2023108N03160,45,1010
2023138N05151,165,1010
2023156N12135,95,1010
2023194N16123,80,1010
2023201N13134,130,1007
2023207N09141,125,1010
2023213N14257,130,1010
2023218N25145,120,1014
2023234N18128,140,1010
2023234N19154,60,1007
2023239N18144,105,1007
2023241N10158,70,1007
2023247N20130,45,1010
2023266N16116,30,1010
2023271N14144,120,1010
2023279N08157,165,1008
2023289N15111,45,1010
2023314N05149,25,1010
2023349N04141,30,1014
2024141N03142,90,1014
2024151N18113,30,1001
2024195N13114,25,1004
2024198N08130,60,1010
2024201N12133,125,1007
2024218N23143,70,1010
2024224N27154,40,1004
2024225N22135,110,1007
2024225N24147,30,1010
2024231N24126,35,1007
2024233N15148,115,1007
2024244N09137,145,1010
2024246N22147,40,1006
2024253N11148,80,1007
2024259N12145,55,1004
2024259N17126,35,1010
2024264N20128,30,1010
2024267N29129,35,1007
2024269N14150,70,1004
2024270N24128,135,1010
2024278N11150,45,1008
2024293N13141,65,1005
2024298N13150,140,1008
2024307N06143,130,1007
2024312N14145,80,1010
2024313N10169,140,1009
2024314N07151,130,1010
2024357N10115,30,1007
2025162N15114,64,996
2025174N23146,39,1008
2025176N18113,25,1003
2025183N24148,60,1003
2025185N20119,89,1001
2025192N25140,51,1004
2025194N31124,29,1002
2025196N33141,39,1006
2025200N19123,64,991
2025203N18133,39,1003
2025204N19121,70,998
2025205N13144,80,1004
2025206N11227,110,1011
2025214N27137,35,999
2025216N28163,25,1008
2025218N28157,25,1005
2025219N18148,89,1007
2025230N20107,29,1001
2025231N27128,45,1009
2025235N17117,93,1002
2025240N15116,39,1001
2025247N27132,51,1002
2025249N18117,64,1002
2025259N16124,45,1008
2025262N16133,144,1005
2025262N23163,124,1009
2025267N10134,80,1003
2025274N15131,89,1006
2025278N25143,119,1003
2025281N19139,74,1003
2025291N13126,51,1004
2025305N10138,115,1002
2025308N10143,115,1004
2025329N10124,80,1007
2025330N05099,45,1005
2025333N05105,29,1006
2026015N10130,51,1002
2026035N09133,39,1004
